{"cameraMode":{"drawMode":0,"name":"Shaded","section":"Shading Mode"},"sceneLighting":false,"audioPlay":false,"sceneViewState":{"m_AlwaysRefresh":false,"showFog":true,"showSkybox":false,"showFlares":true,"showImageEffects":true,"showParticleSystems":true,"showVisualEffectGraphs":true,"m_FxEnabled":true},"in2DMode":false,"pivot":{"x":-1.0851308107376099,"y":0.14648495614528657,"z":-1.2534734010696412},"rotation":{"x":-0.3113242983818054,"y":0.558042049407959,"z":-0.23746135830879212,"w":-0.7316417098045349},"size":0.25980767607688906,"orthographic":false}