{"cameraMode":{"drawMode":0,"name":"Shaded","section":"Shading Mode"},"sceneLighting":true,"audioPlay":false,"sceneViewState":{"m_AlwaysRefresh":false,"showFog":true,"showSkybox":false,"showFlares":true,"showImageEffects":true,"showParticleSystems":true,"showVisualEffectGraphs":true,"m_FxEnabled":true},"in2DMode":false,"pivot":{"x":2.696551561355591,"y":1.8180632591247559,"z":0.03758300840854645},"rotation":{"x":-0.1562173217535019,"y":0.7124054431915283,"z":-0.1677883416414261,"w":-0.6632733941078186},"size":0.24773623049259187,"orthographic":false}