{"cameraMode":{"drawMode":0,"name":"Shaded","section":"Shading Mode"},"sceneLighting":false,"audioPlay":false,"sceneViewState":{"m_AlwaysRefresh":false,"showFog":true,"showSkybox":false,"showFlares":true,"showImageEffects":true,"showParticleSystems":true,"showVisualEffectGraphs":true,"m_FxEnabled":true},"in2DMode":false,"pivot":{"x":1.2684508562088013,"y":-0.05116232857108116,"z":-0.07233598828315735},"rotation":{"x":-0.10940513759851456,"y":0.7263006567955017,"z":-0.11892980337142945,"w":-0.6681203842163086},"size":0.7512423396110535,"orthographic":false}