{"cameraMode":{"drawMode":0,"name":"Shaded","section":"Shading Mode"},"sceneLighting":false,"audioPlay":false,"sceneViewState":{"m_AlwaysRefresh":false,"showFog":true,"showSkybox":false,"showFlares":true,"showImageEffects":true,"showParticleSystems":true,"showVisualEffectGraphs":true,"m_FxEnabled":true},"in2DMode":false,"pivot":{"x":0.20656642317771913,"y":0.8244513273239136,"z":-0.17645174264907838},"rotation":{"x":-0.2277950644493103,"y":0.4467982351779938,"z":-0.11877173185348511,"w":-0.8569700121879578},"size":0.5912414789199829,"orthographic":false}