{"cameraMode":{"drawMode":0,"name":"Shaded","section":"Shading Mode"},"sceneLighting":false,"audioPlay":false,"sceneViewState":{"m_AlwaysRefresh":false,"showFog":true,"showSkybox":false,"showFlares":true,"showImageEffects":true,"showParticleSystems":true,"showVisualEffectGraphs":true,"m_FxEnabled":true},"in2DMode":false,"pivot":{"x":0.32619616389274599,"y":0.40469714999198916,"z":0.03891732543706894},"rotation":{"x":-0.24691352248191834,"y":0.4892696142196655,"z":-0.1467094123363495,"w":-0.8234993815422058},"size":0.4170922338962555,"orthographic":false}