{"cameraMode":{"drawMode":0,"name":"Shaded","section":"Shading Mode"},"sceneLighting":false,"audioPlay":false,"sceneViewState":{"m_AlwaysRefresh":false,"showFog":true,"showSkybox":false,"showFlares":true,"showImageEffects":true,"showParticleSystems":true,"showVisualEffectGraphs":true,"m_FxEnabled":true},"in2DMode":false,"pivot":{"x":0.7477424144744873,"y":0.2567826211452484,"z":0.006011770572513342},"rotation":{"x":-0.10658854991197586,"y":0.7199435830116272,"z":-0.11346279829740524,"w":-0.676365852355957},"size":0.39462313055992129,"orthographic":false}