{"cameraMode":{"drawMode":0,"name":"Shaded","section":"Shading Mode"},"sceneLighting":true,"audioPlay":false,"sceneViewState":{"m_AlwaysRefresh":false,"showFog":true,"showSkybox":true,"showFlares":true,"showImageEffects":true,"showParticleSystems":true,"showVisualEffectGraphs":true,"m_FxEnabled":true},"in2DMode":false,"pivot":{"x":-0.20242448151111604,"y":0.5079325437545776,"z":0.38248205184936526},"rotation":{"x":-0.28333011269569399,"y":0.2746181786060333,"z":-0.08504973351955414,"w":-0.9149320721626282},"size":5.813680171966553,"orthographic":false}