{"cameraMode":{"drawMode":0,"name":"Shaded","section":"Shading Mode"},"sceneLighting":false,"audioPlay":false,"sceneViewState":{"m_AlwaysRefresh":false,"showFog":true,"showSkybox":false,"showFlares":true,"showImageEffects":true,"showParticleSystems":true,"showVisualEffectGraphs":true,"m_FxEnabled":true},"in2DMode":false,"pivot":{"x":-0.04070431739091873,"y":0.3241286873817444,"z":0.17525151371955872},"rotation":{"x":-0.24973775446414948,"y":0.46581289172172549,"z":-0.13891494274139405,"w":-0.8374818563461304},"size":0.6129775643348694,"orthographic":false}